{"batch loss": 0.23133277893066406, "_timestamp": 1708011216.4521883, "_runtime": 29.994201183319092, "_step": 3759, "loss": 0.07726859298402754, "epoch": 9, "_wandb": {"runtime": 29}}