{"accuracy": 0.8673201195008642, "loss": 0.15330824789816466, "_timestamp": 1707979130.0131297, "_runtime": 3.291670799255371, "_step": 7, "_wandb": {"runtime": 3}}