{"accuracy": 0.9597256360331454, "loss": 0.04004117828395059, "_timestamp": 1707971502.1199665, "_runtime": 2.8013105392456055, "_step": 97, "_wandb": {"runtime": 2}}