{"batch loss": 0.3171842098236084, "_timestamp": 1708008556.2499506, "_runtime": 5.121094703674316, "_step": 108, "loss": 0.9155552934993196, "epoch": 0, "_wandb": {"runtime": 4}}