{"batch loss": 0.5556222200393677, "_timestamp": 1708011350.7478833, "_runtime": 11.07469630241394, "_step": 150, "loss": 0.5654878051082293, "epoch": 0, "_wandb": {"runtime": 10}}