{"batch loss": 0.4652179181575775, "_timestamp": 1708011324.8405995, "_runtime": 29.810360431671143, "_step": 3759, "loss": 0.06929118324909359, "epoch": 9, "_wandb": {"runtime": 29}}