{"batch loss": 0.2467406839132309, "_timestamp": 1708011134.2337937, "_runtime": 4.45331883430481, "_step": 124, "_wandb": {"runtime": 4}}