{"accuracy": 0.8068095531210585, "loss": 0.19269492350972867, "_timestamp": 1707971245.797039, "_runtime": 3.3474950790405273, "_step": 7, "_wandb": {"runtime": 3}}