{"batch loss": 2.629882574081421, "_timestamp": 1708008526.935886, "_runtime": 6.674753904342651, "_step": 375, "loss": 2.1361325635910036, "epoch": 0, "_wandb": {"runtime": 6}}