{"accuracy": 0.813914431731277, "loss": 0.1793622809524187, "_timestamp": 1707971579.0615761, "_runtime": 2.7791640758514404, "_step": 97, "_wandb": {"runtime": 2}}