{"batch loss": 0.39282166957855225, "_timestamp": 1708011508.5396347, "_runtime": 28.99079179763794, "_step": 3759, "loss": 0.1960489957431952, "epoch": 9, "_wandb": {"runtime": 28}}