{"batch loss": 0.31554844975471497, "_timestamp": 1708011439.4399996, "_runtime": 5.504687547683716, "_step": 50, "loss": 0.8972343283891678, "epoch": 0, "_wandb": {"runtime": 5}}