{"batch loss": 2.3401265144348145, "_timestamp": 1708011382.0440855, "_runtime": 42.29806041717529, "_step": 3759, "loss": 2.313494083404541, "epoch": 9, "_wandb": {"runtime": 41}}