{"batch loss": 1.4273749589920044, "_timestamp": 1708010197.1905417, "_runtime": 5.617907762527466, "_step": 300, "loss": 0.9264907083908717, "epoch": 0, "_wandb": {"runtime": 5}}