{"batch loss": 0.4181874692440033, "_timestamp": 1708011252.549535, "_runtime": 30.25308394432068, "_step": 3759, "loss": 0.22338915501038234, "epoch": 9, "_wandb": {"runtime": 29}}