{"batch loss": 0.3079719543457031, "_timestamp": 1708011422.179057, "_runtime": 14.547169923782349, "_step": 100, "loss": 0.588569468408823, "epoch": 0, "_wandb": {"runtime": 13}}