{"batch loss": 0.7476648688316345, "_timestamp": 1708010232.5037472, "_runtime": 5.084291219711304, "_step": 84, "loss": 0.7450805054534049, "epoch": 0, "_wandb": {"runtime": 4}}