{"batch loss": 0.32142987847328186, "_timestamp": 1708011394.1495097, "_runtime": 6.287729740142822, "_step": 79, "loss": 0.7610038428366939, "epoch": 0, "_wandb": {"runtime": 6}}