{"batch loss": 0.4545508921146393, "_timestamp": 1708010211.8974767, "_runtime": 5.511489629745483, "_step": 300, "loss": 0.8450397188464801, "epoch": 0, "_wandb": {"runtime": 5}}