{"batch loss": 2.3402132987976074, "_timestamp": 1708011616.2442577, "_runtime": 29.881540775299072, "_step": 3759, "loss": 2.3115695088704427, "epoch": 9, "_wandb": {"runtime": 29}}