{"batch loss": 1.2460060119628906, "_timestamp": 1708011380.1972816, "_runtime": 14.818713665008545, "_step": 56, "loss": 18.32143856372152, "epoch": 0, "_wandb": {"runtime": 14}}