{"batch loss": 13.438736915588379, "_timestamp": 1708011429.5969963, "_runtime": 41.07008934020996, "_step": 3759, "loss": 2.014623784383138, "epoch": 9, "_wandb": {"runtime": 40}}