{"batch loss": 0.3350556492805481, "_timestamp": 1708011471.6193686, "_runtime": 30.972455501556396, "_step": 3759, "loss": 0.053368163441463064, "epoch": 9, "_wandb": {"runtime": 30}}