{"batch loss": 1.1193143129348755, "_timestamp": 1708011288.8135598, "_runtime": 29.748942852020264, "_step": 3759, "loss": 0.4119989428569873, "epoch": 9, "_wandb": {"runtime": 29}}