{"batch loss": 0.6938623189926147, "_timestamp": 1708008541.3864267, "_runtime": 5.062683582305908, "_step": 69, "loss": 1.5739277713540671, "epoch": 0, "_wandb": {"runtime": 4}}