{"batch loss": 2.5369150638580322, "_timestamp": 1708010160.466526, "_runtime": 5.857227087020874, "_step": 250, "loss": 3.09531502532959, "epoch": 0, "_wandb": {"runtime": 5}}