{"batch loss": 0.6722599267959595, "_timestamp": 1708010175.9979377, "_runtime": 5.234311580657959, "_step": 188, "loss": 0.635578796188248, "epoch": 0, "_wandb": {"runtime": 4}}