{"batch loss": 0.41287943720817566, "_timestamp": 1708011544.449546, "_runtime": 29.86963415145874, "_step": 3759, "loss": 0.44048672417427104, "epoch": 9, "_wandb": {"runtime": 29}}