{"batch loss": 0.3637668490409851, "_timestamp": 1708008567.8616028, "_runtime": 5.662831783294678, "_step": 300, "loss": 0.5803231656178832, "epoch": 0, "_wandb": {"runtime": 5}}