{"batch loss": 0.30742740631103516, "_timestamp": 1708008582.1810517, "_runtime": 5.1574037075042725, "_step": 60, "loss": 0.855182534456253, "epoch": 0, "_wandb": {"runtime": 4}}