{"batch loss": 2.4080934524536133, "_timestamp": 1708011645.2966194, "_runtime": 22.728010416030884, "_step": 2823, "loss": 1.766278680006663, "epoch": 6, "_wandb": {"runtime": 22}}