{"accuracy": 0.9467478240197889, "loss": 0.019703916944114216, "_timestamp": 1707971426.5747385, "_runtime": 2.732375383377075, "_step": 7, "_wandb": {"runtime": 2}}