{"batch loss": 0.23461395502090454, "_timestamp": 1708011579.7019613, "_runtime": 29.21443819999695, "_step": 3759, "loss": 0.036888294064595054, "epoch": 9, "_wandb": {"runtime": 28}}